<?xml version="1.0" encoding="UTF-8"?>
<project-private xmlns="http://www.netbeans.org/ns/project-private/1">
    <editor-bookmarks xmlns="http://www.netbeans.org/ns/editor-bookmarks/2" lastBookmarkId="0"/>
    <open-files xmlns="http://www.netbeans.org/ns/projectui-open-files/2">
        <group>
            <file>file:/C:/Users/DELL/Downloads/sunday/FinalProject_TeamClanOptimism-main/MedicalEmergencySystem/src/Project/Employee/EmployeeeDirectory.java</file>
            <file>file:/C:/Users/DELL/Downloads/sunday/FinalProject_TeamClanOptimism-main/MedicalEmergencySystem/src/userinterface/EquipmentWorkArea/AddEquipmentJPanel.java</file>
            <file>file:/C:/Users/DELL/Downloads/sunday/FinalProject_TeamClanOptimism-main/MedicalEmergencySystem/src/userinterface/LabWorkArea/LabWorkAreaJPanel.java</file>
            <file>file:/C:/Users/DELL/Downloads/sunday/FinalProject_TeamClanOptimism-main/MedicalEmergencySystem/src/userinterface/EmergencyUnitAdminArea/EmergencyUnitManageEmployeeJPanel.java</file>
            <file>file:/C:/Users/DELL/Downloads/sunday/FinalProject_TeamClanOptimism-main/MedicalEmergencySystem/src/Image/5.jpg</file>
            <file>file:/C:/Users/DELL/Downloads/sunday/FinalProject_TeamClanOptimism-main/MedicalEmergencySystem/src/Project/Network/NetworkService.java</file>
            <file>file:/C:/Users/DELL/Downloads/sunday/FinalProject_TeamClanOptimism-main/MedicalEmergencySystem/src/Project/WorkQueue/DoctorWorkRequestService.java</file>
            <file>file:/C:/Users/DELL/Downloads/sunday/FinalProject_TeamClanOptimism-main/MedicalEmergencySystem/src/userinterface/SystemAdminWorkArea/ManageEnterpriseAdminJPanel.java</file>
            <file>file:/C:/Users/DELL/Downloads/sunday/FinalProject_TeamClanOptimism-main/MedicalEmergencySystem/src/userinterface/MedicineUnitAdminArea/MedicineUnitManageEmployeeJPanel.java</file>
            <file>file:/C:/Users/DELL/Downloads/sunday/FinalProject_TeamClanOptimism-main/MedicalEmergencySystem/src/userinterface/SystemAdminWorkArea/SystemAdminWorkAreaJPanel.java</file>
            <file>file:/C:/Users/DELL/Downloads/sunday/FinalProject_TeamClanOptimism-main/MedicalEmergencySystem/src/userinterface/SystemAdminWorkArea/ManageEnterpriseJPanel.java</file>
            <file>file:/C:/Users/DELL/Downloads/sunday/FinalProject_TeamClanOptimism-main/MedicalEmergencySystem/src/userinterface/ManagementUnitAdminArea/ManagementUnitManageEmployeeJPanel.java</file>
            <file>file:/C:/Users/DELL/Downloads/sunday/FinalProject_TeamClanOptimism-main/MedicalEmergencySystem/src/Project/Medicine/MedicineService.java</file>
            <file>file:/C:/Users/DELL/Downloads/sunday/FinalProject_TeamClanOptimism-main/MedicalEmergencySystem/src/userinterface/AccountingUnitAdminArea/AccountUnitManageUsersJPanel.java</file>
            <file>file:/C:/Users/DELL/Downloads/sunday/FinalProject_TeamClanOptimism-main/MedicalEmergencySystem/src/Image/9.png</file>
            <file>file:/C:/Users/DELL/Downloads/sunday/FinalProject_TeamClanOptimism-main/MedicalEmergencySystem/src/Project/Organization/BillingOrganizationService.java</file>
            <file>file:/C:/Users/DELL/Downloads/sunday/FinalProject_TeamClanOptimism-main/MedicalEmergencySystem/src/Project/Medicine/MedicineeList.java</file>
            <file>file:/C:/Users/DELL/Downloads/sunday/FinalProject_TeamClanOptimism-main/MedicalEmergencySystem/src/Project/Role/EmergencyAdminRoleService.java</file>
            <file>file:/C:/Users/DELL/Downloads/sunday/FinalProject_TeamClanOptimism-main/MedicalEmergencySystem/src/userinterface/MainJFrame2.java</file>
            <file>file:/C:/Users/DELL/Downloads/sunday/FinalProject_TeamClanOptimism-main/MedicalEmergencySystem/src/Project/Organization/EmergencyOrganizationService.java</file>
            <file>file:/C:/Users/DELL/Downloads/sunday/FinalProject_TeamClanOptimism-main/MedicalEmergencySystem/src/Project/UserAccount/UserAccountService.java</file>
            <file>file:/C:/Users/DELL/Downloads/sunday/FinalProject_TeamClanOptimism-main/MedicalEmergencySystem/src/Project/Equipment/EquipmentService.java</file>
            <file>file:/C:/Users/DELL/Downloads/sunday/FinalProject_TeamClanOptimism-main/MedicalEmergencySystem/src/Image/22.png</file>
            <file>file:/C:/Users/DELL/Downloads/sunday/FinalProject_TeamClanOptimism-main/MedicalEmergencySystem/src/Project/Equipment/EquipmentList.java</file>
            <file>file:/C:/Users/DELL/Downloads/sunday/FinalProject_TeamClanOptimism-main/MedicalEmergencySystem/src/userinterface/SystemAdminWorkArea/ManageNetworkJPanel.java</file>
            <file>file:/C:/Users/DELL/Downloads/sunday/FinalProject_TeamClanOptimism-main/MedicalEmergencySystem/src/userinterface/EmergencyUnitAdminArea/EmergencyUnitManageOrganizationsJPanel.java</file>
            <file>file:/C:/Users/DELL/Downloads/sunday/FinalProject_TeamClanOptimism-main/MedicalEmergencySystem/src/userinterface/EmergencyUserWorkArea/EmergencyPatientAdminWorkArea.java</file>
            <file>file:/C:/Users/DELL/Downloads/sunday/FinalProject_TeamClanOptimism-main/MedicalEmergencySystem/src/Project/Medicine/PrescriptionService.java</file>
            <file>file:/C:/Users/DELL/Downloads/sunday/FinalProject_TeamClanOptimism-main/MedicalEmergencySystem/src/Image/3.jpg</file>
            <file>file:/C:/Users/DELL/Downloads/sunday/FinalProject_TeamClanOptimism-main/MedicalEmergencySystem/src/Image/29.png</file>
            <file>file:/C:/Users/DELL/Downloads/sunday/FinalProject_TeamClanOptimism-main/MedicalEmergencySystem/src/Project/DB4OUtil/DB4OUtil.java</file>
            <file>file:/C:/Users/DELL/Downloads/sunday/FinalProject_TeamClanOptimism-main/MedicalEmergencySystem/src/Image/34.png</file>
            <file>file:/C:/Users/DELL/Downloads/sunday/FinalProject_TeamClanOptimism-main/MedicalEmergencySystem/src/Project/Role/LabAssistantRoleService.java</file>
            <file>file:/C:/Users/DELL/Downloads/sunday/FinalProject_TeamClanOptimism-main/MedicalEmergencySystem/src/Project/Employee/Employee.java</file>
            <file>file:/C:/Users/DELL/Downloads/sunday/FinalProject_TeamClanOptimism-main/MedicalEmergencySystem/src/Project/MedicalEmployment/AmbulanceService.java</file>
            <file>file:/C:/Users/DELL/Downloads/sunday/FinalProject_TeamClanOptimism-main/MedicalEmergencySystem/src/Project/Organization/PatientOrganizationService.java</file>
            <file>file:/C:/Users/DELL/Downloads/sunday/FinalProject_TeamClanOptimism-main/MedicalEmergencySystem/src/Project/Role/MedicineUserService.java</file>
            <file>file:/C:/Users/DELL/Downloads/sunday/FinalProject_TeamClanOptimism-main/MedicalEmergencySystem/src/userinterface/MedicineUnitArea/PharmacyWorkArea2.java</file>
            <file>file:/C:/Users/DELL/Downloads/sunday/FinalProject_TeamClanOptimism-main/MedicalEmergencySystem/src/Project/MedicalEmployment/DoctorrList.java</file>
            <file>file:/C:/Users/DELL/Downloads/sunday/FinalProject_TeamClanOptimism-main/MedicalEmergencySystem/src/userinterface/DoctorWorkArea/EmergencyDoctorWorkAreaJPanel.java</file>
            <file>file:/C:/Users/DELL/Downloads/sunday/FinalProject_TeamClanOptimism-main/MedicalEmergencySystem/src/userinterface/EquipmentWorkArea/EquipmentRequestJPanel.java</file>
            <file>file:/C:/Users/DELL/Downloads/sunday/FinalProject_TeamClanOptimism-main/MedicalEmergencySystem/src/userinterface/EquipmentUnitAdminArea/EquipmentUnitAdminWorkAreaJPanel.java</file>
            <file>file:/C:/Users/DELL/Downloads/sunday/FinalProject_TeamClanOptimism-main/MedicalEmergencySystem/src/Image/19.png</file>
            <file>file:/C:/Users/DELL/Downloads/sunday/FinalProject_TeamClanOptimism-main/MedicalEmergencySystem/src/Image/27.png</file>
            <file>file:/C:/Users/DELL/Downloads/sunday/FinalProject_TeamClanOptimism-main/MedicalEmergencySystem/src/Project/Role/AmbulanceRoleService.java</file>
            <file>file:/C:/Users/DELL/Downloads/sunday/FinalProject_TeamClanOptimism-main/MedicalEmergencySystem/src/userinterface/Patient/PatientLocationMap.java</file>
            <file>file:/C:/Users/DELL/Downloads/sunday/FinalProject_TeamClanOptimism-main/MedicalEmergencySystem/src/Project/Role/EmergencyUserRoleService.java</file>
            <file>file:/C:/Users/DELL/Downloads/sunday/FinalProject_TeamClanOptimism-main/MedicalEmergencySystem/src/Project/log4j/log4j.properties</file>
            <file>file:/C:/Users/DELL/Downloads/sunday/FinalProject_TeamClanOptimism-main/MedicalEmergencySystem/src/Image/16.jpeg</file>
            <file>file:/C:/Users/DELL/Downloads/sunday/FinalProject_TeamClanOptimism-main/MedicalEmergencySystem/src/Project/MedicalEmployment/PatienttHistory.java</file>
            <file>file:/C:/Users/DELL/Downloads/sunday/FinalProject_TeamClanOptimism-main/MedicalEmergencySystem/src/Project/Venture/VentureDirectory.java</file>
            <file>file:/C:/Users/DELL/Downloads/sunday/FinalProject_TeamClanOptimism-main/MedicalEmergencySystem/src/userinterface/AccountingUnitAdminArea/AccountingUnitManageOrganizationsJPanel.java</file>
            <file>file:/C:/Users/DELL/Downloads/sunday/FinalProject_TeamClanOptimism-main/MedicalEmergencySystem/src/userinterface/Receptionist/PatientRegistrationJPanel.java</file>
            <file>file:/C:/Users/DELL/Downloads/sunday/FinalProject_TeamClanOptimism-main/MedicalEmergencySystem/src/Project/Medicine/PrescriiptionnList.java</file>
            <file>file:/C:/Users/DELL/Downloads/sunday/FinalProject_TeamClanOptimism-main/MedicalEmergencySystem/src/userinterface/DoctorWorkArea/PrescriptionJPanel.java</file>
            <file>file:/C:/Users/DELL/Downloads/sunday/FinalProject_TeamClanOptimism-main/MedicalEmergencySystem/src/Image/4.png</file>
            <file>file:/C:/Users/DELL/Downloads/sunday/FinalProject_TeamClanOptimism-main/MedicalEmergencySystem/src/Project/WorkQueue/LabTestWorkRequestService.java</file>
            <file>file:/C:/Users/DELL/Downloads/sunday/FinalProject_TeamClanOptimism-main/MedicalEmergencySystem/src/Project/Organization/MedicineOrganizationService.java</file>
            <file>file:/C:/Users/DELL/Downloads/sunday/FinalProject_TeamClanOptimism-main/MedicalEmergencySystem/src/Project/Venture/Venture.java</file>
            <file>file:/C:/Users/DELL/Downloads/sunday/FinalProject_TeamClanOptimism-main/MedicalEmergencySystem/src/Project/UserAccount/UserAccDirectoryService.java</file>
            <file>file:/C:/Users/DELL/Downloads/sunday/FinalProject_TeamClanOptimism-main/MedicalEmergencySystem/src/Image/24.gif</file>
            <file>file:/C:/Users/DELL/Downloads/sunday/FinalProject_TeamClanOptimism-main/MedicalEmergencySystem/src/Project/Venture/Equipment.java</file>
            <file>file:/C:/Users/DELL/Downloads/sunday/FinalProject_TeamClanOptimism-main/MedicalEmergencySystem/src/Project/WorkQueue/LabWorkRequestService.java</file>
            <file>file:/C:/Users/DELL/Downloads/sunday/FinalProject_TeamClanOptimism-main/MedicalEmergencySystem/src/userinterface/EmergencyUnitAdminArea/EmergencyUnitAdminWorkAreaJPanel.java</file>
            <file>file:/C:/Users/DELL/Downloads/sunday/FinalProject_TeamClanOptimism-main/MedicalEmergencySystem/src/Project/Organization/LabOrganizationService.java</file>
            <file>file:/C:/Users/DELL/Downloads/sunday/FinalProject_TeamClanOptimism-main/MedicalEmergencySystem/src/userinterface/EmergencyUnitAdminArea/EmergencyUnitManageUsersJPanel.java</file>
            <file>file:/C:/Users/DELL/Downloads/sunday/FinalProject_TeamClanOptimism-main/MedicalEmergencySystem/src/userinterface/Receptionist/LocationMap.java</file>
            <file>file:/C:/Users/DELL/Downloads/sunday/FinalProject_TeamClanOptimism-main/MedicalEmergencySystem/src/userinterface/Receptionist/PatientListJPanel.java</file>
            <file>file:/C:/Users/DELL/Downloads/sunday/FinalProject_TeamClanOptimism-main/MedicalEmergencySystem/src/Project/Organization/AmbulanceOrganizationService.java</file>
            <file>file:/C:/Users/DELL/Downloads/sunday/FinalProject_TeamClanOptimism-main/MedicalEmergencySystem/src/Project/Role/BillingAdminRoleService.java</file>
            <file>file:/C:/Users/DELL/Downloads/sunday/FinalProject_TeamClanOptimism-main/MedicalEmergencySystem/src/Image/31.png</file>
            <file>file:/C:/Users/DELL/Downloads/sunday/FinalProject_TeamClanOptimism-main/MedicalEmergencySystem/src/Image/25.jpeg</file>
            <file>file:/C:/Users/DELL/Downloads/sunday/FinalProject_TeamClanOptimism-main/MedicalEmergencySystem/src/Project/MedicalEmployment/PatienttList.java</file>
            <file>file:/C:/Users/DELL/Downloads/sunday/FinalProject_TeamClanOptimism-main/MedicalEmergencySystem/src/Project/Role/RoleService.java</file>
            <file>file:/C:/Users/DELL/Downloads/sunday/FinalProject_TeamClanOptimism-main/MedicalEmergencySystem/src/userinterface/AccountingUnitAdminArea/AccountingUnitAdminWorkAreaJPanel.java</file>
            <file>file:/C:/Users/DELL/Downloads/sunday/FinalProject_TeamClanOptimism-main/MedicalEmergencySystem/src/userinterface/EquipmentWorkArea/EquipmentWorkAreaJPanel.java</file>
            <file>file:/C:/Users/DELL/Downloads/sunday/FinalProject_TeamClanOptimism-main/MedicalEmergencySystem/src/Project/WorkQueue/BillingWorkRequestService.java</file>
            <file>file:/C:/Users/DELL/Downloads/sunday/FinalProject_TeamClanOptimism-main/MedicalEmergencySystem/src/Project/MedicalEmployment/PatientDetails.java</file>
            <file>file:/C:/Users/DELL/Downloads/sunday/FinalProject_TeamClanOptimism-main/MedicalEmergencySystem/src/userinterface/Ambulance/EmergencyAmbulanceUserJPanel.java</file>
            <file>file:/C:/Users/DELL/Downloads/sunday/FinalProject_TeamClanOptimism-main/MedicalEmergencySystem/src/userinterface/ManagementUnitAdminArea/ManagementUnitManageUsersJPanel.java</file>
            <file>file:/C:/Users/DELL/Downloads/sunday/FinalProject_TeamClanOptimism-main/MedicalEmergencySystem/src/userinterface/MedicineUnitAdminArea/MedicineUnitManageUsersJPanel.java</file>
            <file>file:/C:/Users/DELL/Downloads/sunday/FinalProject_TeamClanOptimism-main/MedicalEmergencySystem/src/Project/ConfigureASystem.java</file>
            <file>file:/C:/Users/DELL/Downloads/sunday/FinalProject_TeamClanOptimism-main/MedicalEmergencySystem/src/Project/MedicalEmployment/DoctorService.java</file>
            <file>file:/C:/Users/DELL/Downloads/sunday/FinalProject_TeamClanOptimism-main/MedicalEmergencySystem/src/Project/Role/PersonRoleService.java</file>
            <file>file:/C:/Users/DELL/Downloads/sunday/FinalProject_TeamClanOptimism-main/MedicalEmergencySystem/src/Project/Organization/ReceptionistOrganizationService.java</file>
            <file>file:/C:/Users/DELL/Downloads/sunday/FinalProject_TeamClanOptimism-main/MedicalEmergencySystem/src/userinterface/ManagementUnitAdminArea/AmbulanceLocationMap.java</file>
            <file>file:/C:/Users/DELL/Downloads/sunday/FinalProject_TeamClanOptimism-main/MedicalEmergencySystem/src/userinterface/BillingWorkArea/BillingWorkArea.java</file>
            <file>file:/C:/Users/DELL/Downloads/sunday/FinalProject_TeamClanOptimism-main/MedicalEmergencySystem/src/Project/Organization/OrganizationDirectory.java</file>
            <file>file:/C:/Users/DELL/Downloads/sunday/FinalProject_TeamClanOptimism-main/MedicalEmergencySystem/src/Project/MedicalEmployment/AmbulanceeList.java</file>
            <file>file:/C:/Users/DELL/Downloads/sunday/FinalProject_TeamClanOptimism-main/MedicalEmergencySystem/src/Project/Utils/ValidationService.java</file>
            <file>file:/C:/Users/DELL/Downloads/sunday/FinalProject_TeamClanOptimism-main/MedicalEmergencySystem/src/userinterface/SystemAdminWorkArea/ManageAdminWorkAreaJPanel.java</file>
            <file>file:/C:/Users/DELL/Downloads/sunday/FinalProject_TeamClanOptimism-main/MedicalEmergencySystem/src/Project/Organization/PersonOrganizationService.java</file>
            <file>file:/C:/Users/DELL/Downloads/sunday/FinalProject_TeamClanOptimism-main/MedicalEmergencySystem/src/userinterface/SystemAdminWorkArea/ChartsJPanel.java</file>
            <file>file:/C:/Users/DELL/Downloads/sunday/FinalProject_TeamClanOptimism-main/MedicalEmergencySystem/src/Project/EcoSystem.java</file>
            <file>file:/C:/Users/DELL/Downloads/sunday/FinalProject_TeamClanOptimism-main/MedicalEmergencySystem/src/Project/Organization/DoctorOrganizationService.java</file>
            <file>file:/C:/Users/DELL/Downloads/sunday/FinalProject_TeamClanOptimism-main/MedicalEmergencySystem/src/userinterface/MainJFrame.java</file>
            <file>file:/C:/Users/DELL/Downloads/sunday/FinalProject_TeamClanOptimism-main/MedicalEmergencySystem/src/Image/35.png</file>
            <file>file:/C:/Users/DELL/Downloads/sunday/FinalProject_TeamClanOptimism-main/MedicalEmergencySystem/src/Image/33.png</file>
            <file>file:/C:/Users/DELL/Downloads/sunday/FinalProject_TeamClanOptimism-main/MedicalEmergencySystem/src/Project/Role/ReceptionistRoleService.java</file>
            <file>file:/C:/Users/DELL/Downloads/sunday/FinalProject_TeamClanOptimism-main/MedicalEmergencySystem/src/Project/VitalSigns/VitalSignsHistoryService.java</file>
            <file>file:/C:/Users/DELL/Downloads/sunday/FinalProject_TeamClanOptimism-main/MedicalEmergencySystem/src/userinterface/Patient/PatientWorkAreaJPanel.java</file>
            <file>file:/C:/Users/DELL/Downloads/sunday/FinalProject_TeamClanOptimism-main/MedicalEmergencySystem/src/userinterface/Ambulance/PatientLocationMapService.java</file>
            <file>file:/C:/Users/DELL/Downloads/sunday/FinalProject_TeamClanOptimism-main/MedicalEmergencySystem/src/Project/WorkQueue/EmergencyPatientRequestService.java</file>
            <file>file:/C:/Users/DELL/Downloads/sunday/FinalProject_TeamClanOptimism-main/MedicalEmergencySystem/src/Project/Organization/AdminOrganizatiionService.java</file>
            <file>file:/C:/Users/DELL/Downloads/sunday/FinalProject_TeamClanOptimism-main/MedicalEmergencySystem/src/Image/21.png</file>
            <file>file:/C:/Users/DELL/Downloads/sunday/FinalProject_TeamClanOptimism-main/MedicalEmergencySystem/src/Project/Venture/Medicine.java</file>
            <file>file:/C:/Users/DELL/Downloads/sunday/FinalProject_TeamClanOptimism-main/MedicalEmergencySystem/src/userinterface/ManagementUnitAdminArea/ManagementUnit1AdminWorkAreaJPanel.java</file>
            <file>file:/C:/Users/DELL/Downloads/sunday/FinalProject_TeamClanOptimism-main/MedicalEmergencySystem/src/Image/23.jpg</file>
            <file>file:/C:/Users/DELL/Downloads/sunday/FinalProject_TeamClanOptimism-main/MedicalEmergencySystem/src/Project/Organization/EquipmentOrganizationService.java</file>
            <file>file:/C:/Users/DELL/Downloads/sunday/FinalProject_TeamClanOptimism-main/MedicalEmergencySystem/src/Image/28.png</file>
            <file>file:/C:/Users/DELL/Downloads/sunday/FinalProject_TeamClanOptimism-main/MedicalEmergencySystem/src/Project/Venture/Management.java</file>
            <file>file:/C:/Users/DELL/Downloads/sunday/FinalProject_TeamClanOptimism-main/MedicalEmergencySystem/src/Project/Role/SystemAdminRoleService.java</file>
            <file>file:/C:/Users/DELL/Downloads/sunday/FinalProject_TeamClanOptimism-main/MedicalEmergencySystem/src/userinterface/EquipmentUnitAdminArea/EquipmentUnitAdminWorkArea2JPanel.java</file>
            <file>file:/C:/Users/DELL/Downloads/sunday/FinalProject_TeamClanOptimism-main/MedicalEmergencySystem/src/userinterface/ManagementUnitAdminArea/ManagementUnitOrganizationsJPanel.java</file>
            <file>file:/C:/Users/DELL/Downloads/sunday/FinalProject_TeamClanOptimism-main/MedicalEmergencySystem/src/Project/MedicalEmployment/NurseService.java</file>
            <file>file:/C:/Users/DELL/Downloads/sunday/FinalProject_TeamClanOptimism-main/MedicalEmergencySystem/src/Project/VitalSigns/VitalSignsService.java</file>
            <file>file:/C:/Users/DELL/Downloads/sunday/FinalProject_TeamClanOptimism-main/MedicalEmergencySystem/src/userinterface/EquipmentUnitAdminArea/EquipmentUnitManageOrganizationsJPanel.java</file>
            <file>file:/C:/Users/DELL/Downloads/sunday/FinalProject_TeamClanOptimism-main/MedicalEmergencySystem/src/userinterface/DoctorWorkArea/DoctorWorkAreaJPanel.java</file>
            <file>file:/C:/Users/DELL/Downloads/sunday/FinalProject_TeamClanOptimism-main/MedicalEmergencySystem/src/userinterface/MedicineUnitAdminArea/MedicineUnitManageOrganizationsJPanel.java</file>
            <file>file:/C:/Users/DELL/Downloads/sunday/FinalProject_TeamClanOptimism-main/MedicalEmergencySystem/src/Project/WorkQueue/WorkRequestService.java</file>
            <file>file:/C:/Users/DELL/Downloads/sunday/FinalProject_TeamClanOptimism-main/MedicalEmergencySystem/src/Project/Role/ManagementAdminRoleService.java</file>
            <file>file:/C:/Users/DELL/Downloads/sunday/FinalProject_TeamClanOptimism-main/MedicalEmergencySystem/src/Project/Role/EquipmeentAdminService.java</file>
            <file>file:/C:/Users/DELL/Downloads/sunday/FinalProject_TeamClanOptimism-main/MedicalEmergencySystem/src/Project/Role/AccountingAdminRoleService.java</file>
            <file>file:/C:/Users/DELL/Downloads/sunday/FinalProject_TeamClanOptimism-main/MedicalEmergencySystem/src/Project/WorkQueue/DoctorCheckUpWorkRequestService.java</file>
            <file>file:/C:/Users/DELL/Downloads/sunday/FinalProject_TeamClanOptimism-main/MedicalEmergencySystem/src/userinterface/Receptionist/CreateDoctorJPanel.java</file>
            <file>file:/C:/Users/DELL/Downloads/sunday/FinalProject_TeamClanOptimism-main/MedicalEmergencySystem/src/userinterface/AccountingUnitAdminArea/AccountingUnitManageEmployeeJPanel.java</file>
            <file>file:/C:/Users/DELL/Downloads/sunday/FinalProject_TeamClanOptimism-main/MedicalEmergencySystem/src/Project/WorkQueue/EquipmentWorkRequestService.java</file>
            <file>file:/C:/Users/DELL/Downloads/sunday/FinalProject_TeamClanOptimism-main/MedicalEmergencySystem/src/userinterface/EquipmentUnitAdminArea/EquipmentUnitManageEmployeeJPanel.java</file>
            <file>file:/C:/Users/DELL/Downloads/sunday/FinalProject_TeamClanOptimism-main/MedicalEmergencySystem/src/Image/26.png</file>
            <file>file:/C:/Users/DELL/Downloads/sunday/FinalProject_TeamClanOptimism-main/MedicalEmergencySystem/src/userinterface/ManagementUnitAdminArea/ManagementUnitAdminWorkAreaJPanel.java</file>
            <file>file:/C:/Users/DELL/Downloads/sunday/FinalProject_TeamClanOptimism-main/MedicalEmergencySystem/src/Project/Organization/OrganizationService.java</file>
            <file>file:/C:/Users/DELL/Downloads/sunday/FinalProject_TeamClanOptimism-main/MedicalEmergencySystem/src/userinterface/Receptionist/CreatePatientJPanel.java</file>
            <file>file:/C:/Users/DELL/Downloads/sunday/FinalProject_TeamClanOptimism-main/MedicalEmergencySystem/src/Project/Role/EmergencyDoctorRoleService.java</file>
            <file>file:/C:/Users/DELL/Downloads/sunday/FinalProject_TeamClanOptimism-main/MedicalEmergencySystem/src/Project/Role/MedicineAdminService.java</file>
            <file>file:/C:/Users/DELL/Downloads/sunday/FinalProject_TeamClanOptimism-main/MedicalEmergencySystem/src/Project/MedicalEmployment/NurseeList.java</file>
            <file>file:/C:/Users/DELL/Downloads/sunday/FinalProject_TeamClanOptimism-main/MedicalEmergencySystem/src/Project/Venture/Emergency.java</file>
            <file>file:/C:/Users/DELL/Downloads/sunday/FinalProject_TeamClanOptimism-main/MedicalEmergencySystem/src/userinterface/Ambulance/NewJPanel.java</file>
            <file>file:/C:/Users/DELL/Downloads/sunday/FinalProject_TeamClanOptimism-main/MedicalEmergencySystem/src/userinterface/EquipmentWorkArea/viewJPanel.java</file>
            <file>file:/C:/Users/DELL/Downloads/sunday/FinalProject_TeamClanOptimism-main/MedicalEmergencySystem/src/Image/30.jpeg</file>
            <file>file:/C:/Users/DELL/Downloads/sunday/FinalProject_TeamClanOptimism-main/MedicalEmergencySystem/src/userinterface/EquipmentUnitAdminArea/EquipmentUnitManageUsersJPanel.java</file>
            <file>file:/C:/Users/DELL/Downloads/sunday/FinalProject_TeamClanOptimism-main/MedicalEmergencySystem/src/userinterface/Charts/PieChartJPanel.java</file>
            <file>file:/C:/Users/DELL/Downloads/sunday/FinalProject_TeamClanOptimism-main/MedicalEmergencySystem/src/Project/Venture/Accounting.java</file>
            <file>file:/C:/Users/DELL/Downloads/sunday/FinalProject_TeamClanOptimism-main/MedicalEmergencySystem/src/userinterface/MedicineUnitArea/PharmacyWorkArea.java</file>
            <file>file:/C:/Users/DELL/Downloads/sunday/FinalProject_TeamClanOptimism-main/MedicalEmergencySystem/src/Project/Role/PatientRoleService.java</file>
            <file>file:/C:/Users/DELL/Downloads/sunday/FinalProject_TeamClanOptimism-main/MedicalEmergencySystem/src/userinterface/DoctorWorkArea/RequestLabTestJPanel.java</file>
            <file>file:/C:/Users/DELL/Downloads/sunday/FinalProject_TeamClanOptimism-main/MedicalEmergencySystem/src/userinterface/MedicineUnitAdminArea/MedicineUnitAdminWorkAreaJPanel.java</file>
            <file>file:/C:/Users/DELL/Downloads/sunday/FinalProject_TeamClanOptimism-main/MedicalEmergencySystem/src/Project/Role/DoctorRoleService.java</file>
            <file>file:/C:/Users/DELL/Downloads/sunday/FinalProject_TeamClanOptimism-main/MedicalEmergencySystem/src/Project/Role/AdminRoleService.java</file>
            <file>file:/C:/Users/DELL/Downloads/sunday/FinalProject_TeamClanOptimism-main/MedicalEmergencySystem/src/Project/WorkQueue/WorkkQueueService.java</file>
            <file>file:/C:/Users/DELL/Downloads/sunday/FinalProject_TeamClanOptimism-main/MedicalEmergencySystem/src/Project/WorkQueue/AmbulanceWorkRequestService.java</file>
        </group>
    </open-files>
</project-private>
